web-scraper-order,web-scraper-start-url,articles_links,articles_links-href,V_1,V_2,V_3,V_4,V_4-href
"1732590270-1","https://dakarvente.com/index.php?page=annonces_categorie&id=13&sort=&nb=55","Keur massar - terrain","https://www.dakarvente.com/annonce-38-keur-massar-terrain.html","Keur massar - terrain","3.500.000  FCFA","Plateau","terrains à vendre","https://dakarvente.com/annonces-categorie-terrains-vendre-13.html"
"1732590275-2","https://dakarvente.com/index.php?page=annonces_categorie&id=13&sort=&nb=55","Terrains viabilisés à vendre!","https://www.dakarvente.com/annonce-370-terrains-viabiliss-vendre.html","Terrains viabilisés à vendre!","6.500.000  FCFA","Plateau","terrains à vendre","https://dakarvente.com/annonces-categorie-terrains-vendre-13.html"
"1732590279-3","https://dakarvente.com/index.php?page=annonces_categorie&id=13&sort=&nb=55","Terrain","https://www.dakarvente.com/annonce-615-terrain.html","Terrain","120.000.000  FCFA","Thiès","terrains à vendre","https://dakarvente.com/annonces-categorie-terrains-vendre-13.html"
"1732590283-4","https://dakarvente.com/index.php?page=annonces_categorie&id=13&sort=&nb=55","TERRAINS A VENDRE","https://www.dakarvente.com/annonce-671-terrains-a-vendre.html","TERRAINS A VENDRE","8.500.000  FCFA","Guédiawaye","terrains à vendre","https://dakarvente.com/annonces-categorie-terrains-vendre-13.html"
"1732590298-5","https://dakarvente.com/index.php?page=annonces_categorie&id=13&sort=&nb=55","TERRAINS A VENDRE A GUEDE TOUBA","https://www.dakarvente.com/annonce-672-terrains-a-vendre-a-guede-touba.html","TERRAINS A VENDRE A GUEDE TOUBA","4.500.000  FCFA","Diourbel","terrains à vendre","https://dakarvente.com/annonces-categorie-terrains-vendre-13.html"
"1732590302-6","https://dakarvente.com/index.php?page=annonces_categorie&id=13&sort=&nb=55","Terrain à kayar","https://www.dakarvente.com/annonce-40-terrain-kayar.html","Terrain à kayar","2.500.000  FCFA","Plateau","terrains à vendre","https://dakarvente.com/annonces-categorie-terrains-vendre-13.html"
"1732590307-7","https://dakarvente.com/index.php?page=annonces_categorie&id=13&sort=&nb=55","Lot de terrains de 225 m² à diass","https://www.dakarvente.com/annonce-39-lot-de-terrains-de-225-m-diass.html","Lot de terrains de 225 m² à diass","3.000.000  FCFA","Plateau","terrains à vendre","https://dakarvente.com/annonces-categorie-terrains-vendre-13.html"
"1732590311-8","https://dakarvente.com/index.php?page=annonces_categorie&id=13&sort=&nb=55","TERRAIN A VENDRE A MALIBU GOLF","https://www.dakarvente.com/annonce-699-terrain-a-vendre-a-malibu-golf.html","TERRAIN A VENDRE A MALIBU GOLF","18.000.000  FCFA","Guédiawaye","terrains à vendre","https://dakarvente.com/annonces-categorie-terrains-vendre-13.html"
"1732590316-9","https://dakarvente.com/index.php?page=annonces_categorie&id=13&sort=&nb=55","Terrain urgent a vendre","https://www.dakarvente.com/annonce-724-terrain-vague.html","Terrain urgent a vendre","2.000.000  FCFA","Plateau","terrains à vendre","https://dakarvente.com/annonces-categorie-terrains-vendre-13.html"
"1732590322-10","https://dakarvente.com/index.php?page=annonces_categorie&id=13&sort=&nb=55","TERRAIN  A VENDRE CITTE DALAL DIAM","https://www.dakarvente.com/annonce-674-terrain-a-vendre-citte-dalal-diam.html","TERRAIN  A VENDRE CITTE DALAL DIAM","28.000.000  FCFA","Guédiawaye","terrains à vendre","https://dakarvente.com/annonces-categorie-terrains-vendre-13.html"
"1732590327-11","https://dakarvente.com/index.php?page=annonces_categorie&id=13&sort=&nb=55","Terrain à vendre Zone B","https://www.dakarvente.com/annonce-814-terrain-vendre-zone-b.html","Terrain à vendre Zone B","230.000.000  FCFA","Plateau","terrains à vendre","https://dakarvente.com/annonces-categorie-terrains-vendre-13.html"
"1732590332-12","https://dakarvente.com/index.php?page=annonces_categorie&id=13&sort=&nb=55","Vente terrain","https://www.dakarvente.com/annonce-839-vente-terrain.html","Vente terrain","18.000.000  FCFA","Thiès","terrains à vendre","https://dakarvente.com/annonces-categorie-terrains-vendre-13.html"
"1732590337-13","https://dakarvente.com/index.php?page=annonces_categorie&id=13&sort=&nb=55","Terrains de 150 m2 Almadies 2 (Zac mbao à coté d péage)","https://www.dakarvente.com/annonce-849-terrains-de-150-m2-almadies-2-zac-mbao-cot-d-page.html","Terrains de 150 m2 Almadies 2 (Zac mbao à coté d péage)","1.000.000  FCFA","Rufisque","terrains à vendre","https://dakarvente.com/annonces-categorie-terrains-vendre-13.html"
"1732590342-14","https://dakarvente.com/index.php?page=annonces_categorie&id=13&sort=&nb=55","Terrain à vendre à partir de 1 ha, vue sur la lagune.","https://www.dakarvente.com/annonce-940-terrain-vendre-partir-de-1-ha-vue-sur-la-lagune.html","Terrain à vendre à partir de 1 ha, vue sur la lagune.","12.000  FCFA","Mbour","terrains à vendre","https://dakarvente.com/annonces-categorie-terrains-vendre-13.html"
"1732590346-15","https://dakarvente.com/index.php?page=annonces_categorie&id=13&sort=&nb=55","Vends terrain 150m2 à Bambilor","https://www.dakarvente.com/annonce-978-vends-terrain-150m2-bambilor.html","Vends terrain 150m2 à Bambilor","2.500.000  FCFA","Plateau","terrains à vendre","https://dakarvente.com/annonces-categorie-terrains-vendre-13.html"
"1732590352-16","https://dakarvente.com/index.php?page=annonces_categorie&id=13&sort=&nb=55","DES TERRAINS A VENDRE","https://www.dakarvente.com/annonce-982-des-terrains-a-vendre.html","DES TERRAINS A VENDRE","10.000  FCFA","Plateau","terrains à vendre","https://dakarvente.com/annonces-categorie-terrains-vendre-13.html"
"1732590356-17","https://dakarvente.com/index.php?page=annonces_categorie&id=13&sort=&nb=55","Diass Aeroport ( Thicky ) Terrains A Vendre","https://www.dakarvente.com/annonce-996-diass-aeroport-thicky-terrains-a-vendre.html","Diass Aeroport ( Thicky ) Terrains A Vendre","1.500.000  FCFA","Plateau","terrains à vendre","https://dakarvente.com/annonces-categorie-terrains-vendre-13.html"
"1732590359-18","https://dakarvente.com/index.php?page=annonces_categorie&id=13&sort=&nb=55","Diamniadio Lot de Terrains A Vendre","https://www.dakarvente.com/annonce-998-diamniadio-lot-de-terrains-a-vendre.html","Diamniadio Lot de Terrains A Vendre","4.000.000  FCFA","Plateau","terrains à vendre","https://dakarvente.com/annonces-categorie-terrains-vendre-13.html"
"1732590363-19","https://dakarvente.com/index.php?page=annonces_categorie&id=13&sort=&nb=55","Diass Aeroport ( Landou ) Terrains A Vendre","https://www.dakarvente.com/annonce-1000-diass-aeroport-landou-terrains-a-vendre.html","Diass Aeroport ( Landou ) Terrains A Vendre","3.500.000  FCFA","Plateau","terrains à vendre","https://dakarvente.com/annonces-categorie-terrains-vendre-13.html"
"1732590367-20","https://dakarvente.com/index.php?page=annonces_categorie&id=13&sort=&nb=55","Rufisque Terrain 190m² A Vendre","https://www.dakarvente.com/annonce-1001-rufisque-terrain-190m-a-vendre.html","Rufisque Terrain 190m² A Vendre","9.000.000  FCFA","Plateau","terrains à vendre","https://dakarvente.com/annonces-categorie-terrains-vendre-13.html"
"1732590372-21","https://dakarvente.com/index.php?page=annonces_categorie&id=13&sort=&nb=55","Promotion Magal Touba 2018 Terrains A Vendre","https://www.dakarvente.com/annonce-1054-promotion-magal-touba-2018-terrains-a-vendre.html","Promotion Magal Touba 2018 Terrains A Vendre","1.700.000  FCFA","Plateau","terrains à vendre","https://dakarvente.com/annonces-categorie-terrains-vendre-13.html"
"1732590377-22","https://dakarvente.com/index.php?page=annonces_categorie&id=13&sort=&nb=55","Ndayane Terrain 400m² Vue Mer A Vendre","https://www.dakarvente.com/annonce-1055-ndayane-terrain-400m-vue-mer-a-vendre.html","Ndayane Terrain 400m² Vue Mer A Vendre","12.000.000  FCFA","Mbour","terrains à vendre","https://dakarvente.com/annonces-categorie-terrains-vendre-13.html"
"1732590382-23","https://dakarvente.com/index.php?page=annonces_categorie&id=13&sort=&nb=55","Promotion Terrain Diass Aéroport","https://www.dakarvente.com/annonce-1058-promotion-terrain-diass-aroport.html","Promotion Terrain Diass Aéroport","1.500.000  FCFA","Plateau","terrains à vendre","https://dakarvente.com/annonces-categorie-terrains-vendre-13.html"
"1732590386-24","https://dakarvente.com/index.php?page=annonces_categorie&id=13&sort=&nb=55","Almadie Lot de Terrains A Vendre","https://www.dakarvente.com/annonce-1066-almadie-lot-de-terrains-a-vendre.html","Almadie Lot de Terrains A Vendre","60.000.000  FCFA","Plateau","terrains à vendre","https://dakarvente.com/annonces-categorie-terrains-vendre-13.html"
"1732590394-25","https://dakarvente.com/index.php?page=annonces_categorie&id=13&sort=&nb=55","Yeumbeule Terrains A Vendre","https://www.dakarvente.com/annonce-1067-yeumbeule-terrains-a-vendre.html","Yeumbeule Terrains A Vendre","9.500.000  FCFA","Plateau","terrains à vendre","https://dakarvente.com/annonces-categorie-terrains-vendre-13.html"
"1732590401-26","https://dakarvente.com/index.php?page=annonces_categorie&id=13&sort=&nb=55","Promotion Terrains Magal Touba 2018","https://www.dakarvente.com/annonce-1068-promotion-terrains-magal-touba-2018.html","Promotion Terrains Magal Touba 2018","1.700.000  FCFA","Plateau","terrains à vendre","https://dakarvente.com/annonces-categorie-terrains-vendre-13.html"
"1732590406-27","https://dakarvente.com/index.php?page=annonces_categorie&id=13&sort=&nb=55","Urgence Terrains 100 parcelles à Tivaoune Peulh coté VDN","https://www.dakarvente.com/annonce-851-urgence-terrains-100-parcelles-tivaoune-peulh-cot-vdn.html","Urgence Terrains 100 parcelles à Tivaoune Peulh coté VDN","2.700.000  FCFA","Plateau","terrains à vendre","https://dakarvente.com/annonces-categorie-terrains-vendre-13.html"
"1732590412-28","https://dakarvente.com/index.php?page=annonces_categorie&id=13&sort=&nb=55","Terrains TF à Bambilor","https://www.dakarvente.com/annonce-850-terrains-tf-bambilor.html","Terrains TF à Bambilor","15.000  FCFA","Plateau","terrains à vendre","https://dakarvente.com/annonces-categorie-terrains-vendre-13.html"
"1732590415-29","https://dakarvente.com/index.php?page=annonces_categorie&id=13&sort=&nb=55","terrain a vendre","https://www.dakarvente.com/annonce-1252-terrain-a-vendre.html","terrain a vendre","1.500.000  FCFA","Rufisque","terrains à vendre","https://dakarvente.com/annonces-categorie-terrains-vendre-13.html"
"1732590419-30","https://dakarvente.com/index.php?page=annonces_categorie&id=13&sort=&nb=55","Vente de terrains","https://www.dakarvente.com/annonce-1277-vente-de-terrains.html","Vente de terrains","40.000.000  FCFA","Mbour","terrains à vendre","https://dakarvente.com/annonces-categorie-terrains-vendre-13.html"
"1732590425-31","https://dakarvente.com/index.php?page=annonces_categorie&id=13&sort=&nb=55","VENTE DE TERRAIN","https://www.dakarvente.com/annonce-1278-vente-de-terrain.html","VENTE DE TERRAIN","200.000.000  FCFA","Mbour","terrains à vendre","https://dakarvente.com/annonces-categorie-terrains-vendre-13.html"
"1732590436-32","https://dakarvente.com/index.php?page=annonces_categorie&id=13&sort=&nb=55","TERRAINS A VENDRE A NDIAKHIRATE","https://www.dakarvente.com/annonce-1404-terrains-a-vendre-a-ndiakhirate.html","TERRAINS A VENDRE A NDIAKHIRATE","1.500.000  FCFA","Rufisque","terrains à vendre","https://dakarvente.com/annonces-categorie-terrains-vendre-13.html"
"1732590440-33","https://dakarvente.com/index.php?page=annonces_categorie&id=13&sort=&nb=55","terrain a vendre","https://www.dakarvente.com/annonce-1433-terrain-a-vendre.html","terrain a vendre","25.000.000  FCFA","Plateau","terrains à vendre","https://dakarvente.com/annonces-categorie-terrains-vendre-13.html"
"1732590446-34","https://dakarvente.com/index.php?page=annonces_categorie&id=13&sort=&nb=55","Terrains à Tivaoune Peulh près de la plage","https://www.dakarvente.com/annonce-1500-terrains-tivaoune-peulh-prs-de-la-plage.html","Terrains à Tivaoune Peulh près de la plage","3.600.000  FCFA","Plateau","terrains à vendre","https://dakarvente.com/annonces-categorie-terrains-vendre-13.html"
"1732590452-35","https://dakarvente.com/index.php?page=annonces_categorie&id=13&sort=&nb=55","Terrains à Diakhaye cité Safco","https://www.dakarvente.com/annonce-1501-terrains-diakhaye-cit-safco.html","Terrains à Diakhaye cité Safco","4.500.000  FCFA","Plateau","terrains à vendre","https://dakarvente.com/annonces-categorie-terrains-vendre-13.html"
"1732590456-36","https://dakarvente.com/index.php?page=annonces_categorie&id=13&sort=&nb=55","Vente de terrain à Diamniadio","https://www.dakarvente.com/annonce-1522-vente-de-terrain-diamniadio.html","Vente de terrain à Diamniadio","","Plateau","terrains à vendre","https://dakarvente.com/annonces-categorie-terrains-vendre-13.html"
"1732590461-37","https://dakarvente.com/index.php?page=annonces_categorie&id=13&sort=&nb=55","Terrain","https://www.dakarvente.com/annonce-1526-terrain.html","Terrain","4.000.000  FCFA","Plateau","terrains à vendre","https://dakarvente.com/annonces-categorie-terrains-vendre-13.html"
"1732590466-38","https://dakarvente.com/index.php?page=annonces_categorie&id=13&sort=&nb=55","Verger 07 ha vers tivaouane","https://www.dakarvente.com/annonce-1822-verger-07-ha-vers-tivaouane.html","Verger 07 ha vers tivaouane","60.000.000  FCFA","Plateau","terrains à vendre","https://dakarvente.com/annonces-categorie-terrains-vendre-13.html"
"1732590471-39","https://dakarvente.com/index.php?page=annonces_categorie&id=13&sort=&nb=55","Terrains Bambilor, Kounoune, Sendou, Keur Moussa","https://www.dakarvente.com/annonce-1910-terrains-bambilor-kounoune-sendou-keur-moussa.html","Terrains Bambilor, Kounoune, Sendou, Keur Moussa","2.700.000  FCFA","Plateau","terrains à vendre","https://dakarvente.com/annonces-categorie-terrains-vendre-13.html"
"1732590476-40","https://dakarvente.com/index.php?page=annonces_categorie&id=13&sort=&nb=55","Ouakam - terrain","https://www.dakarvente.com/annonce-2113-ouakam-terrain.html","Ouakam - terrain","35.000.000  FCFA","Plateau","terrains à vendre","https://dakarvente.com/annonces-categorie-terrains-vendre-13.html"
"1732590481-41","https://dakarvente.com/index.php?page=annonces_categorie&id=13&sort=&nb=55","Verger de 1 hectar a vendre à bayakhe","https://www.dakarvente.com/annonce-2227-verger-de-1-hectar-a-vendre-bayakhe.html","Verger de 1 hectar a vendre à bayakhe","30.000.000  FCFA","Mbour","terrains à vendre","https://dakarvente.com/annonces-categorie-terrains-vendre-13.html"
"1732590492-42","https://dakarvente.com/index.php?page=annonces_categorie&id=13&sort=&nb=54","Terrains 225m2 à Yenn vue sur mer et Aéroport AIBD","https://www.dakarvente.com/annonce-2379-terrains-225m2-yenn-vue-sur-mer-et-aroport-aibd.html","Terrains 225m2 à Yenn vue sur mer et Aéroport AIBD","1.300.000  FCFA","Rufisque","terrains à vendre","https://dakarvente.com/annonces-categorie-terrains-vendre-13.html"
"1732590497-43","https://dakarvente.com/index.php?page=annonces_categorie&id=13&sort=&nb=54","TERRAIN 150m2 TITRE FONCIER KOUNOUNE","https://www.dakarvente.com/annonce-2381-terrain-150m2-titre-foncier-kounoune.html","TERRAIN 150m2 TITRE FONCIER KOUNOUNE","7.500.000  FCFA","Rufisque","terrains à vendre","https://dakarvente.com/annonces-categorie-terrains-vendre-13.html"
"1732590501-44","https://dakarvente.com/index.php?page=annonces_categorie&id=13&sort=&nb=54","Terrains 225m2 à Yenn vue sur mer et Aéroport AIBD","https://www.dakarvente.com/annonce-2490-terrains-225m2-yenn-vue-sur-mer-et-aroport-aibd.html","Terrains 225m2 à Yenn vue sur mer et Aéroport AIBD","1.300.000  FCFA","Diamniadio","terrains à vendre","https://dakarvente.com/annonces-categorie-terrains-vendre-13.html"
"1732590507-45","https://dakarvente.com/index.php?page=annonces_categorie&id=13&sort=&nb=54","A Bazarder VILLA Neuve  à Tivaoune Peulh","https://www.dakarvente.com/annonce-2492-a-bazarder-villa-neuve-tivaoune-peulh.html","A Bazarder VILLA Neuve  à Tivaoune Peulh","1.300.000  FCFA","Khar Yalla","terrains à vendre","https://dakarvente.com/annonces-categorie-terrains-vendre-13.html"
"1732590511-46","https://dakarvente.com/index.php?page=annonces_categorie&id=13&sort=&nb=54","Terrains 225m2 à Yenn vue sur mer et Aéroport AIBD","https://www.dakarvente.com/annonce-2491-terrains-225m2-yenn-vue-sur-mer-et-aroport-aibd.html","Terrains 225m2 à Yenn vue sur mer et Aéroport AIBD","1.300.000  FCFA","Diamniadio","terrains à vendre","https://dakarvente.com/annonces-categorie-terrains-vendre-13.html"
"1732590515-47","https://dakarvente.com/index.php?page=annonces_categorie&id=13&sort=&nb=54","WANTERR TERRAINS 225m2 à YENN vue sur mer et AIBD","https://www.dakarvente.com/annonce-2634-wanterr-terrains-225m2-yenn-vue-sur-mer-et-aibd.html","WANTERR TERRAINS 225m2 à YENN vue sur mer et AIBD","1.200.000  FCFA","Rufisque","terrains à vendre","https://dakarvente.com/annonces-categorie-terrains-vendre-13.html"
"1732590520-48","https://dakarvente.com/index.php?page=annonces_categorie&id=13&sort=&nb=54","A vendre un terrain à Bourguiba","https://www.dakarvente.com/annonce-2856-a-vendre-un-terrain-bourguiba.html","A vendre un terrain à Bourguiba","750.000.000  FCFA","Biscuiterie","terrains à vendre","https://dakarvente.com/annonces-categorie-terrains-vendre-13.html"
"1732590524-49","https://dakarvente.com/index.php?page=annonces_categorie&id=13&sort=&nb=54","A vendre un terrain au cap manuel","https://www.dakarvente.com/annonce-2864-a-vendre-un-terrain-au-cap-manuel.html","A vendre un terrain au cap manuel","1.500.000  FCFA","Plateau","terrains à vendre","https://dakarvente.com/annonces-categorie-terrains-vendre-13.html"
"1732590533-50","https://dakarvente.com/index.php?page=annonces_categorie&id=13&sort=&nb=54","A vendre un terrain à Fann résidence","https://www.dakarvente.com/annonce-2884-a-vendre-un-terrain-fann-rsidence.html","A vendre un terrain à Fann résidence","","Fann","terrains à vendre","https://dakarvente.com/annonces-categorie-terrains-vendre-13.html"
"1732590538-51","https://dakarvente.com/index.php?page=annonces_categorie&id=13&sort=&nb=54","A vendre un terrain à Keur Gorgui","https://www.dakarvente.com/annonce-2932-a-vendre-un-terrain-keur-gorgui.html","A vendre un terrain à Keur Gorgui","185.000.000  FCFA","Cité Keur Gorgui","terrains à vendre","https://dakarvente.com/annonces-categorie-terrains-vendre-13.html"
"1732590547-52","https://dakarvente.com/index.php?page=annonces_categorie&id=13&sort=&nb=54","Terrain 10Ha agricole à vendre à Saint Louis","https://www.dakarvente.com/annonce-2940-terrain-10ha-agricole-vendre-saint-louis.html","Terrain 10Ha agricole à vendre à  Saint Louis","15.000.000  FCFA","Saint Louis","terrains à vendre","https://dakarvente.com/annonces-categorie-terrains-vendre-13.html"
"1732590552-53","https://dakarvente.com/index.php?page=annonces_categorie&id=13&sort=&nb=54","A vendre un terrain à KEUR MASSAR","https://www.dakarvente.com/annonce-2934-a-vendre-un-terrain-keur-massar.html","A vendre un terrain à KEUR MASSAR","10.500.000  FCFA","Keur Massar","terrains à vendre","https://dakarvente.com/annonces-categorie-terrains-vendre-13.html"
"1732590567-54","https://dakarvente.com/index.php?page=annonces_categorie&id=13&sort=&nb=54","Terrain à Saly","https://www.dakarvente.com/annonce-3421-terrain-saly.html","Terrain à Saly","60.000.000  FCFA","Saly","terrains à vendre","https://dakarvente.com/annonces-categorie-terrains-vendre-13.html"
"1732590573-55","https://dakarvente.com/index.php?page=annonces_categorie&id=13&sort=&nb=54","Terrain à Guereo","https://www.dakarvente.com/annonce-3422-terrain-guereo.html","Terrain à Guereo","6.000.000  FCFA","Mbour","terrains à vendre","https://dakarvente.com/annonces-categorie-terrains-vendre-13.html"
"1732590576-56","https://dakarvente.com/index.php?page=annonces_categorie&id=13&sort=&nb=54","Terrain en vendre","https://www.dakarvente.com/annonce-3436-terrain-en-vendre.html","Terrain en vendre","6.500  FCFA","Thiès","terrains à vendre","https://dakarvente.com/annonces-categorie-terrains-vendre-13.html"
"1732590580-57","https://dakarvente.com/index.php?page=annonces_categorie&id=13&sort=&nb=54","8 terrains a kirene commune de diass","https://www.dakarvente.com/annonce-3483-8-terrains-a-kirene-commune-de-diass.html","8 terrains a kirene commune de diass","1.500.000  FCFA","Thiès","terrains à vendre","https://dakarvente.com/annonces-categorie-terrains-vendre-13.html"
"1732590586-58","https://dakarvente.com/index.php?page=annonces_categorie&id=13&sort=&nb=54","150 hectares a diamgnadio","https://www.dakarvente.com/annonce-3531-150-hectares-a-diamgnadio.html","150 hectares a diamgnadio","25.000  FCFA","Diamniadio","terrains à vendre","https://dakarvente.com/annonces-categorie-terrains-vendre-13.html"
"1732590590-59","https://dakarvente.com/index.php?page=annonces_categorie&id=13&sort=&nb=54","Terrain de 300 m² a sebikotane","https://www.dakarvente.com/annonce-3562-terrain-de-300-m-a-sebikotane.html","Terrain de 300 m² a sebikotane","6.000.000  FCFA","Sébikotane","terrains à vendre","https://dakarvente.com/annonces-categorie-terrains-vendre-13.html"
"1732590598-60","https://dakarvente.com/index.php?page=annonces_categorie&id=13&sort=&nb=54","4000 parcelles de 150 m²","https://www.dakarvente.com/annonce-3568-4000-parcelles-de-150-m.html","4000 parcelles de 150 m²","2.500.000  FCFA","Thiès","terrains à vendre","https://dakarvente.com/annonces-categorie-terrains-vendre-13.html"
"1732590604-61","https://dakarvente.com/index.php?page=annonces_categorie&id=13&sort=&nb=54","200 hectares diamniadio","https://www.dakarvente.com/annonce-3660-200-hectares-diamniadio.html","200 hectares diamniadio","25.000  FCFA","Diamniadio","terrains à vendre","https://dakarvente.com/annonces-categorie-terrains-vendre-13.html"
"1732590611-62","https://dakarvente.com/index.php?page=annonces_categorie&id=13&sort=&nb=54","terrain titre foncier","https://www.dakarvente.com/annonce-3761-terrain-titre-foncier.html","terrain titre foncier","105.000.000  FCFA","Sicap liberté","terrains à vendre","https://dakarvente.com/annonces-categorie-terrains-vendre-13.html"
"1732590616-63","https://dakarvente.com/index.php?page=annonces_categorie&id=13&sort=&nb=54","Terrains TF à vendre à Keur Massar payables en tranches","https://www.dakarvente.com/annonce-3566-terrains-tf-vendre-keur-massar-payables-en-tranches.html","Terrains TF à vendre à Keur Massar payables en tranches","6.500.000  FCFA","Keur Massar","terrains à vendre","https://dakarvente.com/annonces-categorie-terrains-vendre-13.html"
"1732590625-64","https://dakarvente.com/index.php?page=annonces_categorie&id=13&sort=&nb=54","Vente Terrains 300 m2","https://www.dakarvente.com/annonce-3788-vente-terrains-300-m2-somone.html","Vente Terrains 300 m2","12.000.000  FCFA","Somone","terrains à vendre","https://dakarvente.com/annonces-categorie-terrains-vendre-13.html"
"1732590629-65","https://dakarvente.com/index.php?page=annonces_categorie&id=13&sort=&nb=54","A vendre un terrain à Zac Mbao","https://www.dakarvente.com/annonce-3840-a-vendre-un-terrain-zac-mbao.html","A vendre un terrain à Zac Mbao","250.000.000  FCFA","Rufisque","terrains à vendre","https://dakarvente.com/annonces-categorie-terrains-vendre-13.html"
"1732590633-66","https://dakarvente.com/index.php?page=annonces_categorie&id=13&sort=&nb=54","A vendre des terrains à Rufisque","https://www.dakarvente.com/annonce-3854-a-vendre-des-terrains-rufisque.html","A vendre des terrains à Rufisque","","Rufisque","terrains à vendre","https://dakarvente.com/annonces-categorie-terrains-vendre-13.html"
"1732590638-67","https://dakarvente.com/index.php?page=annonces_categorie&id=13&sort=&nb=54","Terrains à Bambilor","https://www.dakarvente.com/annonce-3857-terrain-en-vendre.html","Terrains à Bambilor","2.000.000  FCFA","Rufisque","terrains à vendre","https://dakarvente.com/annonces-categorie-terrains-vendre-13.html"
"1732590642-68","https://dakarvente.com/index.php?page=annonces_categorie&id=13&sort=&nb=54","Terrains à vendre à Diass","https://www.dakarvente.com/annonce-3861-terrains-a-vendre-a-diass.html","Terrains à vendre à Diass","","Thiès","terrains à vendre","https://dakarvente.com/annonces-categorie-terrains-vendre-13.html"
"1732590645-69","https://dakarvente.com/index.php?page=annonces_categorie&id=13&sort=&nb=54","A vendre un terrain à Rufisque","https://www.dakarvente.com/annonce-3868-a-vendre-un-terrain-rufisque.html","A vendre un terrain à Rufisque","","Rufisque","terrains à vendre","https://dakarvente.com/annonces-categorie-terrains-vendre-13.html"
"1732590651-70","https://dakarvente.com/index.php?page=annonces_categorie&id=13&sort=&nb=54","A vendre un terrain à Rufisque","https://www.dakarvente.com/annonce-3881-a-vendre-un-terrain-rufisque.html","A vendre un terrain à Rufisque","45.000  FCFA","Rufisque","terrains à vendre","https://dakarvente.com/annonces-categorie-terrains-vendre-13.html"
"1732590666-71","https://dakarvente.com/index.php?page=annonces_categorie&id=13&sort=&nb=54","Terrain en vendre","https://www.dakarvente.com/annonce-3883-terrain-en-vendre.html","Terrain en vendre","600.000  FCFA","HLM","terrains à vendre","https://dakarvente.com/annonces-categorie-terrains-vendre-13.html"
"1732590669-72","https://dakarvente.com/index.php?page=annonces_categorie&id=13&sort=&nb=54","A vendre un terrain sur le prolongement de VDN","https://www.dakarvente.com/annonce-3913-a-vendre-un-terrain-sur-le-prolongement-de-vdn.html","A vendre un terrain sur le prolongement de VDN","85.000  FCFA","Cambérène","terrains à vendre","https://dakarvente.com/annonces-categorie-terrains-vendre-13.html"
"1732590675-73","https://dakarvente.com/index.php?page=annonces_categorie&id=13&sort=&nb=54","Terrain a vendre","https://www.dakarvente.com/annonce-3925-terrain-a-vendre.html","Terrain a vendre","7.500.000  FCFA","Rufisque","terrains à vendre","https://dakarvente.com/annonces-categorie-terrains-vendre-13.html"
"1732590681-74","https://dakarvente.com/index.php?page=annonces_categorie&id=13&sort=&nb=54","Terrain à céder à Cap skirring","https://www.dakarvente.com/annonce-4031-terrain-cder-cap-skirring.html","Terrain à céder à Cap skirring","4.000.000  FCFA","Ziguinchor","terrains à vendre","https://dakarvente.com/annonces-categorie-terrains-vendre-13.html"
"1732590692-75","https://dakarvente.com/index.php?page=annonces_categorie&id=13&sort=&nb=54","Terrain à vendre","https://www.dakarvente.com/annonce-4044-terrain-a-vendre.html","Terrain à vendre","9.500.000  FCFA","Keur Massar","terrains à vendre","https://dakarvente.com/annonces-categorie-terrains-vendre-13.html"
"1732590698-76","https://dakarvente.com/index.php?page=annonces_categorie&id=13&sort=&nb=54","A vendre une villa à démolir au Point E","https://www.dakarvente.com/annonce-4105-a-vendre-une-villa-dmolir-au-point-e.html","A vendre une villa à démolir au Point E","","Point E","terrains à vendre","https://dakarvente.com/annonces-categorie-terrains-vendre-13.html"
"1732590703-77","https://dakarvente.com/index.php?page=annonces_categorie&id=13&sort=&nb=54","Des terrain a vendre","https://www.dakarvente.com/annonce-4117-des-terrain-a-vendre.html","Des terrain a vendre","1.000.000  FCFA","Rufisque","terrains à vendre","https://dakarvente.com/annonces-categorie-terrains-vendre-13.html"
"1732590709-78","https://dakarvente.com/index.php?page=annonces_categorie&id=13&sort=&nb=54","Terrain à vendre à la cité sipres","https://www.dakarvente.com/annonce-4118-terrain-a-vendre.html","Terrain à vendre à la cité sipres","18.000.000  FCFA","Rufisque","terrains à vendre","https://dakarvente.com/annonces-categorie-terrains-vendre-13.html"
"1732590714-79","https://dakarvente.com/index.php?page=annonces_categorie&id=13&sort=&nb=54","Terrain à vendre","https://www.dakarvente.com/annonce-4158-terrain-a-vendre.html","Terrain à vendre","14.000.000  FCFA","Rufisque","terrains à vendre","https://dakarvente.com/annonces-categorie-terrains-vendre-13.html"
"1732590735-80","https://dakarvente.com/index.php?page=annonces_categorie&id=13&sort=&nb=54","Terrain Fann Résidence Pied dans l'eau","https://www.dakarvente.com/annonce-4284-terrain-fann-rsidence-pied-dans-l-eau.html","Terrain Fann Résidence Pied dans l'eau","1.300.000  FCFA","Fann","terrains à vendre","https://dakarvente.com/annonces-categorie-terrains-vendre-13.html"
"1732590740-81","https://dakarvente.com/index.php?page=annonces_categorie&id=13&sort=&nb=54","100 hectares a mbambilor","https://www.dakarvente.com/annonce-4453-100-hectares-a-mbambilor.html","100 hectares a mbambilor","15.000  FCFA","Rufisque","terrains à vendre","https://dakarvente.com/annonces-categorie-terrains-vendre-13.html"
"1732590744-82","https://dakarvente.com/index.php?page=annonces_categorie&id=13&sort=&nb=54","Terrain de 367m² a cité keur Gorgui","https://www.dakarvente.com/annonce-4455-terrain-de-367m-a-cit-keur-gorgui.html","Terrain de 367m² a cité keur Gorgui","180.000.000  FCFA","VDN","terrains à vendre","https://dakarvente.com/annonces-categorie-terrains-vendre-13.html"
"1732590768-83","https://dakarvente.com/index.php?page=annonces_categorie&id=13&sort=&nb=53","Terrain à Diamniadio","https://www.dakarvente.com/annonce-4504-terrain-diamniadio.html","Terrain à Diamniadio","3.500.000  FCFA","Diamniadio","terrains à vendre","https://dakarvente.com/annonces-categorie-terrains-vendre-13.html"
"1732590774-84","https://dakarvente.com/index.php?page=annonces_categorie&id=13&sort=&nb=53","Terrain à vendre","https://www.dakarvente.com/annonce-4508-terrain-vendre.html","Terrain à vendre","2.900.000  FCFA","Mbour","terrains à vendre","https://dakarvente.com/annonces-categorie-terrains-vendre-13.html"
"1732590780-85","https://dakarvente.com/index.php?page=annonces_categorie&id=13&sort=&nb=53","Terrain kounoune","https://www.dakarvente.com/annonce-4601-terrain-kounoune.html","Terrain kounoune","65.000.000  FCFA","Rufisque","terrains à vendre","https://dakarvente.com/annonces-categorie-terrains-vendre-13.html"
"1732590784-86","https://dakarvente.com/index.php?page=annonces_categorie&id=13&sort=&nb=53","Terrain a vendre","https://www.dakarvente.com/annonce-4620-terrain-a-vendre.html","Terrain a vendre","4.000.000  FCFA","Lac rose","terrains à vendre","https://dakarvente.com/annonces-categorie-terrains-vendre-13.html"
"1732590789-87","https://dakarvente.com/index.php?page=annonces_categorie&id=13&sort=&nb=53","Terrain en vente sur Sandiara, mbour","https://www.dakarvente.com/annonce-4625-terrain-en-vente-sur-sandiara-mbour.html","Terrain en vente sur Sandiara, mbour","7.000.000  FCFA","Mbour","terrains à vendre","https://dakarvente.com/annonces-categorie-terrains-vendre-13.html"
"1732590795-88","https://dakarvente.com/index.php?page=annonces_categorie&id=13&sort=&nb=53","Verger en vente sur Nianing, Mbour","https://www.dakarvente.com/annonce-4627-verger-en-vente-sur-nianing-mbour.html","Verger en vente sur Nianing, Mbour","9.000.000  FCFA","Mbour","terrains à vendre","https://dakarvente.com/annonces-categorie-terrains-vendre-13.html"
"1732590799-89","https://dakarvente.com/index.php?page=annonces_categorie&id=13&sort=&nb=53","Vente Terrains 150 - Keur Massar","https://www.dakarvente.com/annonce-4765-vente-terrains-150-keur-massar.html","Vente Terrains 150 - Keur Massar","5.000.000  FCFA","Keur Massar","terrains à vendre","https://dakarvente.com/annonces-categorie-terrains-vendre-13.html"
"1732590804-90","https://dakarvente.com/index.php?page=annonces_categorie&id=13&sort=&nb=53","A vendre un terrain à Keur Gorgui","https://www.dakarvente.com/annonce-4861-a-vendre-un-terrain-keur-gorgui.html","A vendre un terrain à Keur Gorgui","128.800.000  FCFA","Cité Keur Gorgui","terrains à vendre","https://dakarvente.com/annonces-categorie-terrains-vendre-13.html"
"1732590808-91","https://dakarvente.com/index.php?page=annonces_categorie&id=13&sort=&nb=53","DRT vend des TERRAINS à coté de l'aéroport DIASS à bas prix","https://www.dakarvente.com/annonce-4911-drt-vend-des-terrains-cot-de-l-aroport-diass-bas-prix.html","DRT vend des TERRAINS à coté de l'aéroport DIASS à bas prix","2.000.000  FCFA","Thiès","terrains à vendre","https://dakarvente.com/annonces-categorie-terrains-vendre-13.html"
"1732590811-92","https://dakarvente.com/index.php?page=annonces_categorie&id=13&sort=&nb=53","terrain a vendre la lagune la Somone 300 m2","https://www.dakarvente.com/annonce-4940-terrain-a-vendre-la-lagune-la-somone-300-m2.html","terrain a vendre la lagune la Somone 300 m2","25.000.000  FCFA","Somone","terrains à vendre","https://dakarvente.com/annonces-categorie-terrains-vendre-13.html"
"1732590816-93","https://dakarvente.com/index.php?page=annonces_categorie&id=13&sort=&nb=53","terrains à vendre Bambilor","https://www.dakarvente.com/annonce-4956-terrains-vendre-bambilor.html","terrains à vendre Bambilor","3.000.000  FCFA","Rufisque","terrains à vendre","https://dakarvente.com/annonces-categorie-terrains-vendre-13.html"
"1732590822-94","https://dakarvente.com/index.php?page=annonces_categorie&id=13&sort=&nb=53","3 terrains 150m² àmoins de 500m de la mer à vendre à yene","https://www.dakarvente.com/annonce-5031-3-terrains-150m-moins-de-500m-de-la-mer-vendre-yene.html","3 terrains 150m² àmoins de 500m de la mer à vendre à yene","12.000.000  FCFA","Diamniadio","terrains à vendre","https://dakarvente.com/annonces-categorie-terrains-vendre-13.html"
"1732590829-95","https://dakarvente.com/index.php?page=annonces_categorie&id=13&sort=&nb=53","TERRAIN 300 MÈTRE CARRE MBOUR","https://www.dakarvente.com/annonce-5162-terrain-300-mtre-carre-mbour.html","TERRAIN 300 MÈTRE CARRE MBOUR","5.000.000  FCFA","Mbour","terrains à vendre","https://dakarvente.com/annonces-categorie-terrains-vendre-13.html"
"1732590834-96","https://dakarvente.com/index.php?page=annonces_categorie&id=13&sort=&nb=53","Vente de terrains sur Mbour","https://www.dakarvente.com/annonce-5180-vente-de-terrains-sur-mbour.html","Vente de terrains sur Mbour","1  FCFA","Mbour","terrains à vendre","https://dakarvente.com/annonces-categorie-terrains-vendre-13.html"
"1732590839-97","https://dakarvente.com/index.php?page=annonces_categorie&id=13&sort=&nb=53","Terrains en vente sur Mbour, près de la réserve de Bandia","https://www.dakarvente.com/annonce-5182-terrains-en-vente-sur-mbour-prs-de-la-rserve-de-bandia.html","Terrains en vente sur Mbour, près de la réserve de Bandia","","Mbour","terrains à vendre","https://dakarvente.com/annonces-categorie-terrains-vendre-13.html"
"1732590845-98","https://dakarvente.com/index.php?page=annonces_categorie&id=13&sort=&nb=53","terrain à vendre titre foncier","https://www.dakarvente.com/annonce-5193-terrain-vendre-titre-foncier.html","terrain à vendre titre foncier","13.000.000  FCFA","Rufisque","terrains à vendre","https://dakarvente.com/annonces-categorie-terrains-vendre-13.html"
"1732590853-99","https://dakarvente.com/index.php?page=annonces_categorie&id=13&sort=&nb=53","TERRAIN DE 300 MÈTRE CARRE A NGAPAROU","https://www.dakarvente.com/annonce-5255-terrain-de-300-mtre-carre-a-ngaparou.html","TERRAIN DE 300 MÈTRE CARRE A NGAPAROU","8.500.000  FCFA","Ngaparou","terrains à vendre","https://dakarvente.com/annonces-categorie-terrains-vendre-13.html"
"1732590879-100","https://dakarvente.com/index.php?page=annonces_categorie&id=13&sort=&nb=53","TERRAIN DE 1000 MÈTRES CARRE A GANDIGAL","https://www.dakarvente.com/annonce-5272-terrain-de-1000-mtre-carre-a-gandigal.html","TERRAIN DE 1000 MÈTRES CARRE A GANDIGAL","20.000.000  FCFA","Mbour","terrains à vendre","https://dakarvente.com/annonces-categorie-terrains-vendre-13.html"
"1732590911-101","https://dakarvente.com/index.php?page=annonces_categorie&id=13&sort=&nb=53","TERRAIN DE 250 MÈTRE CARRE A GANDIGAL","https://www.dakarvente.com/annonce-5273-terrain-de-250-mtre-carre-a-gandigal.html","TERRAIN DE 250 MÈTRE CARRE A GANDIGAL","5.000.000  FCFA","Mbour","terrains à vendre","https://dakarvente.com/annonces-categorie-terrains-vendre-13.html"
"1732590916-102","https://dakarvente.com/index.php?page=annonces_categorie&id=13&sort=&nb=53","TERRAIN A VENDRE LOT 150m2 - POPENGUINE","https://www.dakarvente.com/annonce-5279-terrain-a-vendre-lot-150m2-popenguine.html","TERRAIN A VENDRE LOT 150m2 - POPENGUINE","3.000.000  FCFA","Thiès","terrains à vendre","https://dakarvente.com/annonces-categorie-terrains-vendre-13.html"
"1732590923-103","https://dakarvente.com/index.php?page=annonces_categorie&id=13&sort=&nb=53","vente de terrain à popenguine","https://www.dakarvente.com/annonce-5281-vente-de-terrain-popenguine.html","vente de terrain à popenguine","3.000.000  FCFA","Thiès","terrains à vendre","https://dakarvente.com/annonces-categorie-terrains-vendre-13.html"
"1732590927-104","https://dakarvente.com/index.php?page=annonces_categorie&id=13&sort=&nb=53","TERRAIN A VENDRE LOT 225m2 - POPENGUINE","https://www.dakarvente.com/annonce-5311-terrain-a-vendre-lot-225m2-popenguine.html","TERRAIN A VENDRE LOT 225m2 - POPENGUINE","4.500.000  FCFA","Thiès","terrains à vendre","https://dakarvente.com/annonces-categorie-terrains-vendre-13.html"
"1732590934-105","https://dakarvente.com/index.php?page=annonces_categorie&id=13&sort=&nb=53","Terrains en vente sur Pikine - Guédièwaye","https://www.dakarvente.com/annonce-5319-terrains-en-vente-sur-pikine-gudiwaye.html","Terrains en vente sur Pikine - Guédièwaye","","Dakar","terrains à vendre","https://dakarvente.com/annonces-categorie-terrains-vendre-13.html"
"1732590938-106","https://dakarvente.com/index.php?page=annonces_categorie&id=13&sort=&nb=53","Vente de terrains sur thiès","https://www.dakarvente.com/annonce-5321-vente-de-terrains-sur-this.html","Vente de terrains sur thiès","25.000  FCFA","Thiès","terrains à vendre","https://dakarvente.com/annonces-categorie-terrains-vendre-13.html"
"1732590942-107","https://dakarvente.com/index.php?page=annonces_categorie&id=13&sort=&nb=53","Terrain en vente à Mbodiène","https://www.dakarvente.com/annonce-5331-terrain-en-vente-mbodine.html","Terrain en vente à Mbodiène","","Mbour","terrains à vendre","https://dakarvente.com/annonces-categorie-terrains-vendre-13.html"
"1732590948-108","https://dakarvente.com/index.php?page=annonces_categorie&id=13&sort=&nb=53","TERRAIN A VENDRE LOT 294m2 - POPENGUINE","https://www.dakarvente.com/annonce-5351-terrain-a-vendre-lot-294m2-popenguine.html","TERRAIN A VENDRE LOT 294m2 - POPENGUINE","6.380.000  FCFA","Thiès","terrains à vendre","https://dakarvente.com/annonces-categorie-terrains-vendre-13.html"
"1732590954-109","https://dakarvente.com/index.php?page=annonces_categorie&id=13&sort=&nb=53","TERRAIN A VENDRE LOT 225m2 (Angle) - POPENGUINE","https://www.dakarvente.com/annonce-5391-terrain-a-vendre-lot-225m2-angle-popenguine.html","TERRAIN A VENDRE LOT 225m2 (Angle) - POPENGUINE","5.000.000  FCFA","Thiès","terrains à vendre","https://dakarvente.com/annonces-categorie-terrains-vendre-13.html"
"1732590958-110","https://dakarvente.com/index.php?page=annonces_categorie&id=13&sort=&nb=53","TERRAIN A VENDRE - POPENGUINE","https://www.dakarvente.com/annonce-5426-terrain-a-vendre-popenguine.html","TERRAIN A VENDRE - POPENGUINE","3.740.000  FCFA","Thiès","terrains à vendre","https://dakarvente.com/annonces-categorie-terrains-vendre-13.html"
"1732590962-111","https://dakarvente.com/index.php?page=annonces_categorie&id=13&sort=&nb=53","vente de terrain","https://www.dakarvente.com/annonce-5456-vente-de-terrain.html","vente de terrain","7.500.000  FCFA","Dakar","terrains à vendre","https://dakarvente.com/annonces-categorie-terrains-vendre-13.html"
"1732590966-112","https://dakarvente.com/index.php?page=annonces_categorie&id=13&sort=&nb=53","TERRAIN A VENDRE LOT 150m2 (angle) - PARADISE CITY NIACOURAB","https://www.dakarvente.com/annonce-5460-terrain-a-vendre-lot-150m2-angle-paradise-city-niacourab.html","TERRAIN A VENDRE LOT 150m2 (angle) - PARADISE CITY NIACOURAB","8.500.000  FCFA","Dakar","terrains à vendre","https://dakarvente.com/annonces-categorie-terrains-vendre-13.html"
"1732590971-113","https://dakarvente.com/index.php?page=annonces_categorie&id=13&sort=&nb=53","Terrain a vendre","https://www.dakarvente.com/annonce-5480-terrain-a-vendre.html","Terrain a vendre","6.000.000  FCFA","Rufisque","terrains à vendre","https://dakarvente.com/annonces-categorie-terrains-vendre-13.html"
"1732590978-114","https://dakarvente.com/index.php?page=annonces_categorie&id=13&sort=&nb=53","TERRAIN DE 340 MÈTRE CARRE A MBOUR","https://www.dakarvente.com/annonce-5494-terrain-de-340-mtre-carre-a-mbour.html","TERRAIN DE 340 MÈTRE CARRE A MBOUR","16.000.000  FCFA","Mbour","terrains à vendre","https://dakarvente.com/annonces-categorie-terrains-vendre-13.html"
"1732590987-115","https://dakarvente.com/index.php?page=annonces_categorie&id=13&sort=&nb=53","TERRAIN DE 380 MÈTRE CARRE A MBOUR","https://www.dakarvente.com/annonce-5515-terrain-de-380-mtre-carre-a-mbour.html","TERRAIN DE 380 MÈTRE CARRE A MBOUR","11.000.000  FCFA","Mbour","terrains à vendre","https://dakarvente.com/annonces-categorie-terrains-vendre-13.html"
"1732590992-116","https://dakarvente.com/index.php?page=annonces_categorie&id=13&sort=&nb=53","TERRAIN DE 500 MÈTRE CARRE A SALY","https://www.dakarvente.com/annonce-5560-terrain-de-500-mtre-carre-a-saly.html","TERRAIN DE 500 MÈTRE CARRE A SALY","10.000.000  FCFA","Saly","terrains à vendre","https://dakarvente.com/annonces-categorie-terrains-vendre-13.html"
"1732590997-117","https://dakarvente.com/index.php?page=annonces_categorie&id=13&sort=&nb=53","TERRAIN DE 600 MÈTRE CARRE SALY","https://www.dakarvente.com/annonce-5561-terrain-de-600-mtre-carre-saly.html","TERRAIN DE 600 MÈTRE CARRE SALY","40.000  FCFA","Saly","terrains à vendre","https://dakarvente.com/annonces-categorie-terrains-vendre-13.html"
"1732591002-118","https://dakarvente.com/index.php?page=annonces_categorie&id=13&sort=&nb=53","TERRAIN DE 600 MÈTRE CARRE A NGAPAROU","https://www.dakarvente.com/annonce-5566-terrain-de-600-mtre-carre-a-ngaparou.html","TERRAIN DE 600 MÈTRE CARRE A NGAPAROU","16.000.000  FCFA","Ngaparou","terrains à vendre","https://dakarvente.com/annonces-categorie-terrains-vendre-13.html"
"1732591005-119","https://dakarvente.com/index.php?page=annonces_categorie&id=13&sort=&nb=53","TERRAIN A VENDRE - POPENGUINE","https://www.dakarvente.com/annonce-5570-terrain-a-vendre-popenguine.html","TERRAIN A VENDRE - POPENGUINE","4.420.000  FCFA","Thiès","terrains à vendre","https://dakarvente.com/annonces-categorie-terrains-vendre-13.html"
"1732591010-120","https://dakarvente.com/index.php?page=annonces_categorie&id=13&sort=&nb=53","Vends Terrai à Nguerine","https://www.dakarvente.com/annonce-5578-vends-terrai-nguerine.html","Vends Terrai à Nguerine","27.500.000  FCFA","Mbour","terrains à vendre","https://dakarvente.com/annonces-categorie-terrains-vendre-13.html"
"1732591014-121","https://dakarvente.com/index.php?page=annonces_categorie&id=13&sort=&nb=53","A vendre un terrain à Keur Gorgui","https://www.dakarvente.com/annonce-5605-a-vendre-un-terrain-keur-gorgui.html","A vendre un terrain à Keur Gorgui","650.000  FCFA","Cité Keur Gorgui","terrains à vendre","https://dakarvente.com/annonces-categorie-terrains-vendre-13.html"
"1732591019-122","https://dakarvente.com/index.php?page=annonces_categorie&id=13&sort=&nb=53","A vendre un terrain à Bambilor","https://www.dakarvente.com/annonce-5628-a-vendre-un-terrain-bambilor.html","A vendre un terrain à Bambilor","12.000.000  FCFA","Rufisque","terrains à vendre","https://dakarvente.com/annonces-categorie-terrains-vendre-13.html"
"1732591024-123","https://dakarvente.com/index.php?page=annonces_categorie&id=13&sort=&nb=53","A vendre un terrain à Keur Gorgui","https://www.dakarvente.com/annonce-5644-a-vendre-un-terrain-keur-gorgui.html","A vendre un terrain à Keur Gorgui","650.000  FCFA","Cité Keur Gorgui","terrains à vendre","https://dakarvente.com/annonces-categorie-terrains-vendre-13.html"
"1732591030-124","https://dakarvente.com/index.php?page=annonces_categorie&id=13&sort=&nb=53","A vendre un terrain à Fenêtre Mermoz","https://www.dakarvente.com/annonce-5682-a-vendre-un-terrain-fentre-mermoz.html","A vendre un terrain à Fenêtre Mermoz","600.000  FCFA","Mermoz","terrains à vendre","https://dakarvente.com/annonces-categorie-terrains-vendre-13.html"
"1732591057-125","https://dakarvente.com/index.php?page=annonces_categorie&id=13&sort=&nb=52","TERRAIN DE 1200 M2 A NGUERIGNE","https://www.dakarvente.com/annonce-5703-terrain-de-1200-m2-a-nguerigne.html","TERRAIN DE 1200 M2 A NGUERIGNE","22.000.000  FCFA","Ngaparou","terrains à vendre","https://dakarvente.com/annonces-categorie-terrains-vendre-13.html"
"1732591064-126","https://dakarvente.com/index.php?page=annonces_categorie&id=13&sort=&nb=52","A vendre un terrain aux Mamelles","https://www.dakarvente.com/annonce-5744-a-vendre-un-terrain-aux-mamelles.html","A vendre un terrain aux Mamelles","90.000.000  FCFA","Mamelles","terrains à vendre","https://dakarvente.com/annonces-categorie-terrains-vendre-13.html"
"1732591072-127","https://dakarvente.com/index.php?page=annonces_categorie&id=13&sort=&nb=52","terrain 1200 m2 somone","https://www.dakarvente.com/annonce-5854-terrain-1200-m2-somone.html","terrain 1200 m2 somone","35.000.000  FCFA","Somone","terrains à vendre","https://dakarvente.com/annonces-categorie-terrains-vendre-13.html"
"1732591080-128","https://dakarvente.com/index.php?page=annonces_categorie&id=13&sort=&nb=52","A vendre terrains TF Keur Massar","https://www.dakarvente.com/annonce-5858-a-vendre-terrains-tf-keur-massar.html","A vendre terrains TF Keur Massar","7.000.000  FCFA","Keur Massar","terrains à vendre","https://dakarvente.com/annonces-categorie-terrains-vendre-13.html"
"1732591093-129","https://dakarvente.com/index.php?page=annonces_categorie&id=13&sort=&nb=52","Vente de terrain à ziguinchor","https://www.dakarvente.com/annonce-5868-vente-de-terrain-ziguinchor.html","Vente de terrain à ziguinchor","1  FCFA","Ziguinchor","terrains à vendre","https://dakarvente.com/annonces-categorie-terrains-vendre-13.html"
"1732591102-130","https://dakarvente.com/index.php?page=annonces_categorie&id=13&sort=&nb=52","A vendre terrains TF Keur Massar","https://www.dakarvente.com/annonce-5894-a-vendre-terrains-tf-keur-massar.html","A vendre terrains TF Keur Massar","7.000.000  FCFA","Keur Massar","terrains à vendre","https://dakarvente.com/annonces-categorie-terrains-vendre-13.html"
"1732591108-131","https://dakarvente.com/index.php?page=annonces_categorie&id=13&sort=&nb=52","TERRAIN A VENDRE A THIES","https://www.dakarvente.com/annonce-5908-terrain-a-vendre-a-thies.html","TERRAIN A VENDRE A THIES","90.000.000  FCFA","Thiès","terrains à vendre","https://dakarvente.com/annonces-categorie-terrains-vendre-13.html"
"1732591113-132","https://dakarvente.com/index.php?page=annonces_categorie&id=13&sort=&nb=52","NOUVELLE OPPORTUNITE POUR SE LOGER A OUAGOU NDIAYE","https://www.dakarvente.com/annonce-5909-nouvelle-opportunite-pour-se-loger-a-ouagou-ndiaye.html","NOUVELLE OPPORTUNITE POUR SE LOGER A OUAGOU NDIAYE","90.000.000  FCFA","Ouagou Niaye","terrains à vendre","https://dakarvente.com/annonces-categorie-terrains-vendre-13.html"
"1732591119-133","https://dakarvente.com/index.php?page=annonces_categorie&id=13&sort=&nb=52","A vendre","https://www.dakarvente.com/annonce-5927-a-vendre.html","A vendre","500.000  FCFA","Guédiawaye","terrains à vendre","https://dakarvente.com/annonces-categorie-terrains-vendre-13.html"
"1732591127-134","https://dakarvente.com/index.php?page=annonces_categorie&id=13&sort=&nb=52","Vente Terrains 116  - Medina","https://www.dakarvente.com/annonce-5934-vente-terrains-116-medina.html","Vente Terrains 116  - Medina","140.000.000  FCFA","Médina","terrains à vendre","https://dakarvente.com/annonces-categorie-terrains-vendre-13.html"
"1732591133-135","https://dakarvente.com/index.php?page=annonces_categorie&id=13&sort=&nb=52","Vente Terrains  - Mamelle","https://www.dakarvente.com/annonce-5935-vente-terrains-mamelle.html","Vente Terrains  - Mamelle","","Mamelles","terrains à vendre","https://dakarvente.com/annonces-categorie-terrains-vendre-13.html"
"1732591138-136","https://dakarvente.com/index.php?page=annonces_categorie&id=13&sort=&nb=52","terrain à vendre lac rose","https://www.dakarvente.com/annonce-5937-terrain-vendre-lac-rose.html","terrain à vendre lac rose","1.400  FCFA","Lac rose","terrains à vendre","https://dakarvente.com/annonces-categorie-terrains-vendre-13.html"
"1732591146-137","https://dakarvente.com/index.php?page=annonces_categorie&id=13&sort=&nb=52","Terrains à vendre à keur massar","https://www.dakarvente.com/annonce-5939-av-des-terrains-tf-keur-massar.html","Terrains à vendre à keur massar","7.500.000  FCFA","Keur Massar","terrains à vendre","https://dakarvente.com/annonces-categorie-terrains-vendre-13.html"
"1732591152-138","https://dakarvente.com/index.php?page=annonces_categorie&id=13&sort=&nb=52","A vendre un terrain à Bambilor","https://www.dakarvente.com/annonce-5987-a-vendre-un-terrain-bambilor.html","A vendre un terrain à Bambilor","11.800.000  FCFA","Rufisque","terrains à vendre","https://dakarvente.com/annonces-categorie-terrains-vendre-13.html"
"1732591158-139","https://dakarvente.com/index.php?page=annonces_categorie&id=13&sort=&nb=52","terrains à vendre au Lac Rose","https://www.dakarvente.com/annonce-6006-terrains-vendre-au-lac-rose.html","terrains à vendre au Lac Rose","14.000  FCFA","Lac rose","terrains à vendre","https://dakarvente.com/annonces-categorie-terrains-vendre-13.html"
"1732591164-140","https://dakarvente.com/index.php?page=annonces_categorie&id=13&sort=&nb=52","A vendre 2 terrains à Sangalkam","https://www.dakarvente.com/annonce-6012-a-vendre-2-terrains-sangalkam.html","A vendre 2 terrains à Sangalkam","2.500.000  FCFA","Rufisque","terrains à vendre","https://dakarvente.com/annonces-categorie-terrains-vendre-13.html"
"1732591169-141","https://dakarvente.com/index.php?page=annonces_categorie&id=13&sort=&nb=52","TERRAIN 1000M2 SALY","https://www.dakarvente.com/annonce-6039-terrain-1000m2-saly.html","TERRAIN 1000M2 SALY","25.000.000  FCFA","Saly","terrains à vendre","https://dakarvente.com/annonces-categorie-terrains-vendre-13.html"
"1732591175-142","https://dakarvente.com/index.php?page=annonces_categorie&id=13&sort=&nb=52","A vendre 2 terrains à Sotrac MERMOZ","https://www.dakarvente.com/annonce-6054-a-vendre-2-terrains-sotrac-mermoz.html","A vendre 2 terrains à Sotrac MERMOZ","89.000.000  FCFA","Mermoz","terrains à vendre","https://dakarvente.com/annonces-categorie-terrains-vendre-13.html"
"1732591183-143","https://dakarvente.com/index.php?page=annonces_categorie&id=13&sort=&nb=52","TERRAIN DE 8000 M2 A Nguekokh","https://www.dakarvente.com/annonce-6061-terrain-de-8000-m2-a-nguekokh.html","TERRAIN DE 8000 M2 A Nguekokh","20.000  FCFA","Ngaparou","terrains à vendre","https://dakarvente.com/annonces-categorie-terrains-vendre-13.html"
"1732591188-144","https://dakarvente.com/index.php?page=annonces_categorie&id=13&sort=&nb=52","Terrainde 1 ha à vendre à nguekokh","https://www.dakarvente.com/annonce-6063-terrainde-1ha-vendre-nguekokh.html","Terrainde 1 ha à vendre à nguekokh","7.000.000  FCFA","Point E","terrains à vendre","https://dakarvente.com/annonces-categorie-terrains-vendre-13.html"
"1732591195-145","https://dakarvente.com/index.php?page=annonces_categorie&id=13&sort=&nb=52","Vente terrains 195m² - Mermoz-Sacré Coeur","https://www.dakarvente.com/annonce-6064-vente-terrains-195m-mermoz-sacr-coeur.html","Vente terrains 195m² - Mermoz-Sacré Coeur","1.200.000  FCFA","Mermoz","terrains à vendre","https://dakarvente.com/annonces-categorie-terrains-vendre-13.html"
"1732591204-146","https://dakarvente.com/index.php?page=annonces_categorie&id=13&sort=&nb=52","Terrain 2000 m2 Somone","https://www.dakarvente.com/annonce-6158-terrain-2000-m2-somone.html","Terrain 2000 m2 Somone","85.000.000  FCFA","Somone","terrains à vendre","https://dakarvente.com/annonces-categorie-terrains-vendre-13.html"
"1732591214-147","https://dakarvente.com/index.php?page=annonces_categorie&id=13&sort=&nb=52","A vendre un terrain aux Mamelles Aéroports","https://www.dakarvente.com/annonce-6171-a-vendre-un-terrain-aux-mamelles-aroports.html","A vendre un terrain aux Mamelles Aéroports","65.000.000  FCFA","Mamelles","terrains à vendre","https://dakarvente.com/annonces-categorie-terrains-vendre-13.html"
"1732591221-148","https://dakarvente.com/index.php?page=annonces_categorie&id=13&sort=&nb=52","A vendre un terrain aux Mamelles Aéroports","https://www.dakarvente.com/annonce-6172-a-vendre-un-terrain-aux-mamelles-aroports.html","A vendre un terrain aux Mamelles Aéroports","150.000.000  FCFA","Mamelles","terrains à vendre","https://dakarvente.com/annonces-categorie-terrains-vendre-13.html"
"1732591232-149","https://dakarvente.com/index.php?page=annonces_categorie&id=13&sort=&nb=52","Terrain 300 mètre carré Mbour","https://www.dakarvente.com/annonce-6176-terrain-300-mtre-carr-mbour.html","Terrain 300 mètre carré Mbour","13.000.000  FCFA","Mbour","terrains à vendre","https://dakarvente.com/annonces-categorie-terrains-vendre-13.html"
"1732591238-150","https://dakarvente.com/index.php?page=annonces_categorie&id=13&sort=&nb=52","Vente de Terrains","https://www.dakarvente.com/annonce-6238-vente-de-terrains.html","Vente de Terrains","30.000.000  FCFA","Fatick","terrains à vendre","https://dakarvente.com/annonces-categorie-terrains-vendre-13.html"
"1732591245-151","https://dakarvente.com/index.php?page=annonces_categorie&id=13&sort=&nb=52","Ranch à vendre sur Toubab Dialaw","https://www.dakarvente.com/annonce-6265-ranch-vendre-sur-toubab-dialaw.html","Ranch à vendre sur Toubab Dialaw","190.000.000  FCFA","Thiès","terrains à vendre","https://dakarvente.com/annonces-categorie-terrains-vendre-13.html"
"1732591251-152","https://dakarvente.com/index.php?page=annonces_categorie&id=13&sort=&nb=52","Terrain en vente sur Mbour","https://www.dakarvente.com/annonce-6273-terrain-en-vente-sur-mbour.html","Terrain en vente sur Mbour","18.000.000  FCFA","Mbour","terrains à vendre","https://dakarvente.com/annonces-categorie-terrains-vendre-13.html"
"1732591265-153","https://dakarvente.com/index.php?page=annonces_categorie&id=13&sort=&nb=52","Terrain 7000m2 axe ngaparou-nguerigne","https://www.dakarvente.com/annonce-6295-terrain-7000m2-axe-ngaparou-nguerigne.html","Terrain 7000m2 axe ngaparou-nguerigne","35.000  FCFA","Ngaparou","terrains à vendre","https://dakarvente.com/annonces-categorie-terrains-vendre-13.html"
"1732591272-154","https://dakarvente.com/index.php?page=annonces_categorie&id=13&sort=&nb=52","Terrain en vente sur Mbodiène","https://www.dakarvente.com/annonce-6296-terrain-en-vente-sur-mbodine.html","Terrain en vente sur Mbodiène","20.000  FCFA","Mbour","terrains à vendre","https://dakarvente.com/annonces-categorie-terrains-vendre-13.html"
"1732591282-155","https://dakarvente.com/index.php?page=annonces_categorie&id=13&sort=&nb=52","Vente Terrains 116 - Medina","https://www.dakarvente.com/annonce-6338-vente-terrains-116-medina.html","Vente Terrains 116 - Medina","140.000.000  FCFA","Dakar","terrains à vendre","https://dakarvente.com/annonces-categorie-terrains-vendre-13.html"
"1732591290-156","https://dakarvente.com/index.php?page=annonces_categorie&id=13&sort=&nb=52","Vente Terrains 116 - Medina","https://www.dakarvente.com/annonce-6339-vente-terrains-116-medina.html","Vente Terrains 116 - Medina","140.000.000  FCFA","Dakar","terrains à vendre","https://dakarvente.com/annonces-categorie-terrains-vendre-13.html"
"1732591298-157","https://dakarvente.com/index.php?page=annonces_categorie&id=13&sort=&nb=52","A.V des Terrains TF Keur Massar","https://www.dakarvente.com/annonce-6354-av-des-terrains-tf-keur-massar.html","A.V des Terrains TF Keur Massar","7.500.000  FCFA","Keur Massar","terrains à vendre","https://dakarvente.com/annonces-categorie-terrains-vendre-13.html"
"1732591312-158","https://dakarvente.com/index.php?page=annonces_categorie&id=13&sort=&nb=52","Terrain 900 m2 ngaparou bord de mer","https://www.dakarvente.com/annonce-6363-terrain-900-m2-ngaparou-bord-de-mer.html","Terrain 900 m2 ngaparou bord de mer","85.000.000  FCFA","Ngaparou","terrains à vendre","https://dakarvente.com/annonces-categorie-terrains-vendre-13.html"
"1732591319-159","https://dakarvente.com/index.php?page=annonces_categorie&id=13&sort=&nb=52","TERRAIN À VENDRE TITRE FONCIER SITUÉ À KEUR MASSAR CITE ANCAR PRÈS DU PÉAGE","https://www.dakarvente.com/annonce-6365-terrain-vendre-titre-foncier-situ-keur-massar-cite-ancar-prs-du-page.html","TERRAIN À VENDRE TITRE FONCIER SITUÉ À KEUR MASSAR CITE ANCAR PRÈS DU PÉAGE","16.000.000  FCFA","Keur Massar","terrains à vendre","https://dakarvente.com/annonces-categorie-terrains-vendre-13.html"
"1732591330-160","https://dakarvente.com/index.php?page=annonces_categorie&id=13&sort=&nb=52","A vendre un terrain à Dakar Plateau","https://www.dakarvente.com/annonce-6380-a-vendre-un-terrain-dakar-plateau.html","A vendre un terrain à Dakar Plateau","1.300.000  FCFA","Plateau","terrains à vendre","https://dakarvente.com/annonces-categorie-terrains-vendre-13.html"
"1732591338-161","https://dakarvente.com/index.php?page=annonces_categorie&id=13&sort=&nb=52","A vendre un terrain à Yoff Virage","https://www.dakarvente.com/annonce-6381-a-vendre-un-terrain-yoff-virage.html","A vendre un terrain à Yoff Virage","215.000.000  FCFA","Yoff","terrains à vendre","https://dakarvente.com/annonces-categorie-terrains-vendre-13.html"
"1732591349-162","https://dakarvente.com/index.php?page=annonces_categorie&id=13&sort=&nb=52","Terrains TF Keur Massar","https://www.dakarvente.com/annonce-6385-av-des-terrains-tf-keur-massar.html","Terrains TF Keur Massar","7.500.000  FCFA","Keur Massar","terrains à vendre","https://dakarvente.com/annonces-categorie-terrains-vendre-13.html"
"1732591360-163","https://dakarvente.com/index.php?page=annonces_categorie&id=13&sort=&nb=52","Vente terrain","https://www.dakarvente.com/annonce-6493-vente-terrain.html","Vente terrain","600  FCFA","Dakar","terrains à vendre","https://dakarvente.com/annonces-categorie-terrains-vendre-13.html"
"1732591366-164","https://dakarvente.com/index.php?page=annonces_categorie&id=13&sort=&nb=52","Terrain à vendre 200m² angle Golf sur la vdn3","https://www.dakarvente.com/annonce-6516-terrain-vendre-200m-angle-golf-sur-la-vdn3.html","Terrain à vendre 200m² angle Golf sur la vdn3","23.000.000  FCFA","Golf","terrains à vendre","https://dakarvente.com/annonces-categorie-terrains-vendre-13.html"
"1732591372-165","https://dakarvente.com/index.php?page=annonces_categorie&id=13&sort=&nb=52","A vendre un terrain à Yoff Biagui","https://www.dakarvente.com/annonce-6545-a-vendre-un-terrain-yoff-biagui.html","A vendre un terrain à Yoff Biagui","100.000.000  FCFA","Biagui","terrains à vendre","https://dakarvente.com/annonces-categorie-terrains-vendre-13.html"
"1732591391-166","https://dakarvente.com/index.php?page=annonces_categorie&id=13&sort=&nb=51","A vendre un terrain à Dalifor","https://www.dakarvente.com/annonce-6546-a-vendre-un-terrain-dalifor.html","A vendre un terrain à Dalifor","260.000.000  FCFA","Pikine","terrains à vendre","https://dakarvente.com/annonces-categorie-terrains-vendre-13.html"
"1732591397-167","https://dakarvente.com/index.php?page=annonces_categorie&id=13&sort=&nb=51","Vente terrain 116m² - Medina","https://www.dakarvente.com/annonce-6621-vente-terrain-116m-medina.html","Vente terrain 116m² - Medina","","Dakar","terrains à vendre","https://dakarvente.com/annonces-categorie-terrains-vendre-13.html"
"1732591406-168","https://dakarvente.com/index.php?page=annonces_categorie&id=13&sort=&nb=51","Terrain 300 m2 à Saly","https://www.dakarvente.com/annonce-6636-terrain-300-m2-saly.html","Terrain 300 m2 à Saly","13.000.000  FCFA","Saly","terrains à vendre","https://dakarvente.com/annonces-categorie-terrains-vendre-13.html"
"1732591412-169","https://dakarvente.com/index.php?page=annonces_categorie&id=13&sort=&nb=51","Terrain en vente sur Warang, Mbour","https://www.dakarvente.com/annonce-6640-terrain-en-vente-sur-warang-mbour.html","Terrain en vente sur Warang, Mbour","8.000.000  FCFA","Mbour","terrains à vendre","https://dakarvente.com/annonces-categorie-terrains-vendre-13.html"
"1732591418-170","https://dakarvente.com/index.php?page=annonces_categorie&id=13&sort=&nb=51","Terrain en vente sur Warang, Mbour","https://www.dakarvente.com/annonce-6641-terrain-en-vente-sur-warang-mbour.html","Terrain en vente sur Warang, Mbour","8.000.000  FCFA","Mbour","terrains à vendre","https://dakarvente.com/annonces-categorie-terrains-vendre-13.html"
"1732591425-171","https://dakarvente.com/index.php?page=annonces_categorie&id=13&sort=&nb=51","TERRAIN A VENDRE A GOLF","https://www.dakarvente.com/annonce-6675-terrain-a-vendre-a-golf.html","TERRAIN A VENDRE A GOLF","20.000.000  FCFA","Guédiawaye","terrains à vendre","https://dakarvente.com/annonces-categorie-terrains-vendre-13.html"
"1732591430-172","https://dakarvente.com/index.php?page=annonces_categorie&id=13&sort=&nb=51","terrain 600m2 warang","https://www.dakarvente.com/annonce-6682-terrain-600m2-warang.html","terrain 600m2 warang","17.000.000  FCFA","Mbour","terrains à vendre","https://dakarvente.com/annonces-categorie-terrains-vendre-13.html"
"1732591437-173","https://dakarvente.com/index.php?page=annonces_categorie&id=13&sort=&nb=51","terrain 300m2 nianing","https://www.dakarvente.com/annonce-6712-terrain-300m2-nianing.html","terrain 300m2 nianing","11.000.000  FCFA","Mbour","terrains à vendre","https://dakarvente.com/annonces-categorie-terrains-vendre-13.html"
"1732591448-174","https://dakarvente.com/index.php?page=annonces_categorie&id=13&sort=&nb=51","terrain 736m2 saly","https://www.dakarvente.com/annonce-6713-terrain-736m2-saly.html","terrain 736m2 saly","22.000.000  FCFA","Mbour","terrains à vendre","https://dakarvente.com/annonces-categorie-terrains-vendre-13.html"
"1732591455-175","https://dakarvente.com/index.php?page=annonces_categorie&id=13&sort=&nb=51","Vente terrain 225m² à Diass(Mbour)","https://www.dakarvente.com/annonce-6748-vente-terrain-225m-diassmbour.html","Vente terrain 225m² à Diass(Mbour)","2.500.000  FCFA","Mbour","terrains à vendre","https://dakarvente.com/annonces-categorie-terrains-vendre-13.html"
"1732591462-176","https://dakarvente.com/index.php?page=annonces_categorie&id=13&sort=&nb=51","Terrain","https://www.dakarvente.com/annonce-6756-terrain.html","Terrain","1.100.000  FCFA","Lac rose","terrains à vendre","https://dakarvente.com/annonces-categorie-terrains-vendre-13.html"
"1732591469-177","https://dakarvente.com/index.php?page=annonces_categorie&id=13&sort=&nb=51","Terrain de 225m carrés","https://www.dakarvente.com/annonce-6807-terrain-de-225m-carrs.html","Terrain de 225m carrés","200.000  FCFA","Thiès","terrains à vendre","https://dakarvente.com/annonces-categorie-terrains-vendre-13.html"
"1732591480-178","https://dakarvente.com/index.php?page=annonces_categorie&id=13&sort=&nb=51","Terrain 300 m2 TF à Saly","https://www.dakarvente.com/annonce-6891-terrain-300-m2-tf-saly.html","Terrain 300 m2 TF à Saly","17.000.000  FCFA","Saly","terrains à vendre","https://dakarvente.com/annonces-categorie-terrains-vendre-13.html"
"1732591489-179","https://dakarvente.com/index.php?page=annonces_categorie&id=13&sort=&nb=51","Terrain  Lac Rose","https://www.dakarvente.com/annonce-6896-terrain-lac-rose.html","Terrain  Lac Rose","5.000.000  FCFA","Lac rose","terrains à vendre","https://dakarvente.com/annonces-categorie-terrains-vendre-13.html"
"1732591498-180","https://dakarvente.com/index.php?page=annonces_categorie&id=13&sort=&nb=51","Terrain 400 m2 Saly niakhniakhal","https://www.dakarvente.com/annonce-6974-terrain-400-m2-saly-niakhniakhal.html","Terrain 400 m2 Saly niakhniakhal","17.000.000  FCFA","Saly","terrains à vendre","https://dakarvente.com/annonces-categorie-terrains-vendre-13.html"
"1732591506-181","https://dakarvente.com/index.php?page=annonces_categorie&id=13&sort=&nb=51","Terrain de 500m2","https://www.dakarvente.com/annonce-7009-terrain-a-vendre-avec-constrcution-r-2-inacheve-a-goumel-a-10mn-de-la-ville.html","Terrain de 500m2","30.000.000  FCFA","Ziguinchor","terrains à vendre","https://dakarvente.com/annonces-categorie-terrains-vendre-13.html"
"1732591514-182","https://dakarvente.com/index.php?page=annonces_categorie&id=13&sort=&nb=51","Vente terrain 195 m² - Mermoz Sacré Coeur","https://www.dakarvente.com/annonce-7047-vente-terrain-195-m-mermoz-sacr-coeur.html","Vente terrain 195 m² - Mermoz Sacré Coeur","1.200.000  FCFA","Mermoz","terrains à vendre","https://dakarvente.com/annonces-categorie-terrains-vendre-13.html"
"1732591519-183","https://dakarvente.com/index.php?page=annonces_categorie&id=13&sort=&nb=51","Terrains de 150m2","https://www.dakarvente.com/annonce-7063-terrains.html","Terrains de 150m2","1.500.000  FCFA","Dakar","terrains à vendre","https://dakarvente.com/annonces-categorie-terrains-vendre-13.html"
"1732591529-184","https://dakarvente.com/index.php?page=annonces_categorie&id=13&sort=&nb=51","Terrain 300 m2 à Saly carrefour","https://www.dakarvente.com/annonce-7080-terrain-300-m2-saly-carrefour.html","Terrain 300 m2 à Saly carrefour","9.000.000  FCFA","Saly","terrains à vendre","https://dakarvente.com/annonces-categorie-terrains-vendre-13.html"
"1732591537-185","https://dakarvente.com/index.php?page=annonces_categorie&id=13&sort=&nb=51","Vente de Terrain au Lac rose","https://www.dakarvente.com/annonce-7088-vente-de-terrain-au-lac-rose.html","Vente de Terrain au Lac rose","2.000.000  FCFA","Dakar","terrains à vendre","https://dakarvente.com/annonces-categorie-terrains-vendre-13.html"
"1732591543-186","https://dakarvente.com/index.php?page=annonces_categorie&id=13&sort=&nb=51","Terrain 150m2 Tivaoune Peul","https://www.dakarvente.com/annonce-7123-terrain-150m2-tivaoune-peul.html","Terrain 150m2 Tivaoune Peul","3.000.000  FCFA","Lac rose","terrains à vendre","https://dakarvente.com/annonces-categorie-terrains-vendre-13.html"
"1732591555-187","https://dakarvente.com/index.php?page=annonces_categorie&id=13&sort=&nb=51","Titre foncier aux  Almadies","https://www.dakarvente.com/annonce-7194-tf-aux-almadies.html","Titre foncier aux  Almadies","110.000.000  FCFA","Almadies","terrains à vendre","https://dakarvente.com/annonces-categorie-terrains-vendre-13.html"
"1732591567-188","https://dakarvente.com/index.php?page=annonces_categorie&id=13&sort=&nb=51","Terrain 2000 m2 Saly velinguara","https://www.dakarvente.com/annonce-7195-terrain-2000-m2-saly-velinguara.html","Terrain 2000 m2 Saly velinguara","45.000.000  FCFA","Saly","terrains à vendre","https://dakarvente.com/annonces-categorie-terrains-vendre-13.html"
"1732591573-189","https://dakarvente.com/index.php?page=annonces_categorie&id=13&sort=&nb=51","Terrain 300 m2 à Saly Joseph","https://www.dakarvente.com/annonce-7218-terrain-300-m2-saly-joseph.html","Terrain 300 m2 à Saly Joseph","7.000.000  FCFA","Saly","terrains à vendre","https://dakarvente.com/annonces-categorie-terrains-vendre-13.html"
"1732591581-190","https://dakarvente.com/index.php?page=annonces_categorie&id=13&sort=&nb=51","Terrain 500m2 bord de mer saly","https://www.dakarvente.com/annonce-7224-terrain-500m2-bord-de-mer-saly.html","Terrain 500m2 bord de mer saly","35.000.000  FCFA","Saly","terrains à vendre","https://dakarvente.com/annonces-categorie-terrains-vendre-13.html"
"1732591586-191","https://dakarvente.com/index.php?page=annonces_categorie&id=13&sort=&nb=51","terrain Nianing","https://www.dakarvente.com/annonce-7302-terrain-nianing.html","terrain Nianing","","Saly","terrains à vendre","https://dakarvente.com/annonces-categorie-terrains-vendre-13.html"
"1732591594-192","https://dakarvente.com/index.php?page=annonces_categorie&id=13&sort=&nb=51","Vente Terrain a Zac Mbao Dakar","https://www.dakarvente.com/annonce-7445-vente-terrain-a-zac-mbao-dakar.html","Vente Terrain a Zac Mbao Dakar","15.000.000  FCFA","Mbao","terrains à vendre","https://dakarvente.com/annonces-categorie-terrains-vendre-13.html"
"1732591600-193","https://dakarvente.com/index.php?page=annonces_categorie&id=13&sort=&nb=51","Terrain 800 M2 Fatou salam (Mboro)","https://www.dakarvente.com/annonce-7473-terrain-800-m2-fatou-salam-mboro.html","Terrain 800 M2 Fatou salam (Mboro)","11.000.000  FCFA","Thiès","terrains à vendre","https://dakarvente.com/annonces-categorie-terrains-vendre-13.html"
"1732591608-194","https://dakarvente.com/index.php?page=annonces_categorie&id=13&sort=&nb=51","Terrain 300 m2 bail saly","https://www.dakarvente.com/annonce-7480-terrain-300-m2-bail-saly.html","Terrain 300 m2 bail saly","10.000.000  FCFA","Saly","terrains à vendre","https://dakarvente.com/annonces-categorie-terrains-vendre-13.html"
"1732591614-195","https://dakarvente.com/index.php?page=annonces_categorie&id=13&sort=&nb=51","A vendre un terrain commercial à Mbao","https://www.dakarvente.com/annonce-7519-a-vendre-un-terrain-commercial-mbao.html","A vendre un terrain commercial à Mbao","45.000.000  FCFA","Mbao","terrains à vendre","https://dakarvente.com/annonces-categorie-terrains-vendre-13.html"
"1732591621-196","https://dakarvente.com/index.php?page=annonces_categorie&id=13&sort=&nb=51","A vendre un terrain aux Maristes","https://www.dakarvente.com/annonce-7520-a-vendre-un-terrain-aux-maristes.html","A vendre un terrain aux Maristes","45.000.000  FCFA","Maristes","terrains à vendre","https://dakarvente.com/annonces-categorie-terrains-vendre-13.html"
"1732591629-197","https://dakarvente.com/index.php?page=annonces_categorie&id=13&sort=&nb=51","Vente Terrain 400 m2 - Diass","https://www.dakarvente.com/annonce-7604-vente-terrain-400-m2-diass.html","Vente Terrain 400 m2 - Diass","1.500.000  FCFA","Diamniadio","terrains à vendre","https://dakarvente.com/annonces-categorie-terrains-vendre-13.html"
"1732591635-198","https://dakarvente.com/index.php?page=annonces_categorie&id=13&sort=&nb=51","Vente terrain 716 m2","https://www.dakarvente.com/annonce-7608-vente-terrain-716-m2.html","Vente terrain 716 m2","300.000.000  FCFA","Dakar","terrains à vendre","https://dakarvente.com/annonces-categorie-terrains-vendre-13.html"
"1732591641-199","https://dakarvente.com/index.php?page=annonces_categorie&id=13&sort=&nb=51","Terrain Yoff cité Sicap","https://www.dakarvente.com/annonce-7617-terrain-yoff-cit-sicap.html","Terrain Yoff cité Sicap","73.000.000  FCFA","Yoff","terrains à vendre","https://dakarvente.com/annonces-categorie-terrains-vendre-13.html"
"1732591646-200","https://dakarvente.com/index.php?page=annonces_categorie&id=13&sort=&nb=51","Terrain Lac Rose","https://www.dakarvente.com/annonce-7618-terrain-lac-rose.html","Terrain Lac Rose","","Rufisque","terrains à vendre","https://dakarvente.com/annonces-categorie-terrains-vendre-13.html"
"1732591653-201","https://dakarvente.com/index.php?page=annonces_categorie&id=13&sort=&nb=51","Terrain Tivaouane Peulh","https://www.dakarvente.com/annonce-7619-terrain-tivaouane-peulh.html","Terrain Tivaouane Peulh","","Keur Massar","terrains à vendre","https://dakarvente.com/annonces-categorie-terrains-vendre-13.html"
"1732591659-202","https://dakarvente.com/index.php?page=annonces_categorie&id=13&sort=&nb=51","Terrain à Vendre à Almadie 2","https://www.dakarvente.com/annonce-7659-terrain-vendre-almadie-2.html","Terrain à Vendre à Almadie 2","14.000.000  FCFA","Rufisque","terrains à vendre","https://dakarvente.com/annonces-categorie-terrains-vendre-13.html"
"1732591665-203","https://dakarvente.com/index.php?page=annonces_categorie&id=13&sort=&nb=51","Vente terrains 700m2 - Almadie","https://www.dakarvente.com/annonce-7668-vente-terrains-700m2-almadie.html","Vente terrains 700m2 - Almadie","800.000  FCFA","Almadies","terrains à vendre","https://dakarvente.com/annonces-categorie-terrains-vendre-13.html"
"1732591674-204","https://dakarvente.com/index.php?page=annonces_categorie&id=13&sort=&nb=51","terrain à vendre","https://www.dakarvente.com/annonce-7677-terrain-vendre.html","terrain à vendre","1.200.000  FCFA","Saint Louis","terrains à vendre","https://dakarvente.com/annonces-categorie-terrains-vendre-13.html"
"1732591681-205","https://dakarvente.com/index.php?page=annonces_categorie&id=13&sort=&nb=51","Terrain à vendre de 716m2 angle","https://www.dakarvente.com/annonce-7713-terrain-vendre-de-716m2-angle.html","Terrain à vendre de 716m2 angle","300.000.000  FCFA","Golf","terrains à vendre","https://dakarvente.com/annonces-categorie-terrains-vendre-13.html"
"1732591695-206","https://dakarvente.com/index.php?page=annonces_categorie&id=13&sort=&nb=51","Vente de terrains à poute","https://www.dakarvente.com/annonce-7730-vente-de-terrains-poute.html","Vente de terrains à poute","850.000  FCFA","Thiès","terrains à vendre","https://dakarvente.com/annonces-categorie-terrains-vendre-13.html"
"1732591722-207","https://dakarvente.com/index.php?page=annonces_categorie&id=13&sort=&nb=50","Terrains à vendre 200m2","https://www.dakarvente.com/annonce-7786-terrains-vendre-200m2.html","Terrains à vendre 200m2","54.700.000  FCFA","Yoff","terrains à vendre","https://dakarvente.com/annonces-categorie-terrains-vendre-13.html"
"1732591727-208","https://dakarvente.com/index.php?page=annonces_categorie&id=13&sort=&nb=50","Terrains à vendre 200m2","https://www.dakarvente.com/annonce-7787-terrains-vendre-200m2.html","Terrains à vendre 200m2","54.700.000  FCFA","Yoff","terrains à vendre","https://dakarvente.com/annonces-categorie-terrains-vendre-13.html"
